Subject,Trend Score,Summary,Link,Relevancy,Why It Matters,Companies,Publish Date
Blue Origin Achieves Historic Booster Landing on New Glenn's Second Flight,92,"Blue Origin successfully landed the GS1-SN002 first stage booster on its Jacklyn barge following the November 13, 2025 ESCAPADE Mars mission launch—achieving reusability on only their second orbital flight. Space.com +3 CEO Dave Limp announced Q1 2026 return with possible booster reuse, making Blue Origin only the second company after SpaceX to land an orbital booster. SpaceNews The 98-meter New Glenn can deliver 45,000 kg to LEO and positions Blue Origin for NSSL certification and multi-billion dollar manifest including Amazon's 3,200-satellite Kuiper constellation. nasaspaceflight",https://www.nasaspaceflight.com/2025/11/ng-2-escapade-launch/,VC Investors: VERY HIGH - Validates Blue Origin technical capability and reusability economics; de-risks $30B+ investment thesis<br>Founders: VERY HIGH - Demonstrates viable SpaceX alternative for heavy-lift<br>Institutional: VERY HIGH - Opens competitive heavy-lift market<br>Writers: VERY HIGH - Major industry milestone<br>General: HIGH - Billionaire space race narrative,"Breaks SpaceX's monopoly on cost-effective heavy-lift launch. Satellite Today Rapid achievement of reusability (vs SpaceX's multi-year development) demonstrates accelerated aerospace learning curves. NASASpaceFlight With Kuiper constellation, Artemis lunar program, and NSSL certification pathway, Blue Origin captures significant market share in multi-billion dollar launch services. Blue Origin Creates strategic redundancy for defense customers. 45,000 kg LEO capacity fills gap between Falcon 9 (22,800 kg) and Falcon Heavy (63,800 kg). nasaspaceflight","Blue Origin, NASA, Rocket Lab (ESCAPADE spacecraft), Viasat (HaloNet telemetry), ULA, SpaceX (competitor), Amazon/Project Kuiper","Nov 13-14, 2025"
CHAOS Industries Raises $510M Series D at $4.5B Valuation for Counter-Drone Systems,89,"Los Angeles-based CHAOS Industries secured $510 million Series D led by Valor Equity Partners (with 8VC, Accel), valuing the 3-year-old company at $4.5 billion and bringing total funding to $1 billion. Crunchbase News +3 Specializes in Coherent Distributed Networks (CDN) for counter-drone radar and communications, detecting small UAS from hundreds of kilometers away—up to 10 minutes faster than traditional radar. DroneXL Recently acquired Ziva Corporation. dronexl Despite massive valuation, has only $2M publicly announced USAF contract, though CEO indicates dozens more in pipeline. StartupHub.ai Round came just 6 months after previous funding amid escalating drone warfare (Russia launched 5,600+ drones in Sept 2025, +38% MoM). DroneXLdronexl",https://news.crunchbase.com/venture/biggest-funding-rounds-ai-defense-tech-anysphere/<br>https://dronexl.co/2025/11/13/counter-drone-radar-firm-chaos-industries-raises-510m/,VC Investors: VERY HIGH - Demonstrates massive capital deployment in C-UAS; $4.5B valuation shows sector momentum<br>Founders: HIGH - Validates 3-year path to multi-billion valuation<br>Institutional: MEDIUM-HIGH - Large round but limited revenue disclosure<br>Writers: HIGH - Defense tech boom narrative<br>General: MEDIUM - Drone threat awareness,"Validates counter-drone as standalone multi-billion dollar market. DroneXLoodaloop CDN mesh networking represents next-gen C-UAS architecture beyond single-point detection. DroneXL Positions CHAOS alongside Anduril ($30B) as ""neo-prime"" disruptor. CNBC Board seat for Antonio Gracias (Valor CEO, Musk business partner, DOGE advisor) signals strategic importance. DroneXL Ukraine war demonstrates operational urgency. Part of broader $28.4B defense tech funding wave in 2025. 3-year timeline from founding to $4.5B valuation represents unprecedented defense tech scaling velocity.","CHAOS Industries, Valor Equity Partners, 8VC, Accel, Ziva Corporation (acquired), U.S. Air Force, Anduril (competitive context)","Nov 13, 2025"
Pentagon unveils $1.4B package of nuclear and defense contracts across industrial base,88,"Department of War announces nearly $1.43B in new contracts spanning nuclear modernization (Mk21A reentry vehicle), Army nuclear facility support, F-16 radar sustainment for allies, range O&M, munitions infrastructure, and other programs, signaling a push toward wartime production footing.",https://www.newsmax.com/newsfront/department-of-war-pete-hegseth-pentagon/2025/11/15/id/1234703/,"Institutional investors, VCs","Major multi-program package reveals where the Pentagon is deploying capital across nuclear systems, sustainment, and infrastructure, offering clear signals on priority programs and beneficiaries in the defense industrial base.",Lockheed Martin; MPR Associates; Northrop Grumman; Red Eagle 3 JV; Peraton; Altus Technology Solutions; Matheny Motor Truck Co.; OFD Foods,2025-11-15
China Demonstrates GJ-11 Stealth Drone Teaming with J-20 Fighter in First Public Display,87,"China publicly demonstrated manned-unmanned teaming (MUM-T) between its GJ-11 ""Sharp Sword"" stealth UCAV and J-20 fifth-generation fighter, including synchronized maneuvers with J-16D electronic warfare variant. Army Recognition First public display of stealth unmanned combat aircraft coordinating with 5th-gen fighters represents operational capability, not just concept. GJ-11 features high subsonic speeds and radar-evading design for deep-strike and reconnaissance. Signals PLA Air Force maturation of unmanned combat aviation and pressures U.S. CCA (Collaborative Combat Aircraft) programs from Anduril and General Atomics.",https://www.armyrecognition.com/news/defense-web-tv/top-global-defense-news-of-the-week-land-air-and-sea-highlights-november-10-15-2025,VC Investors: HIGH - Validates autonomous fighter market and competitive urgency<br>Founders: HIGH - Demonstrates MUM-T feasibility at operational scale<br>Institutional: VERY HIGH - Geopolitical competition driving U.S. defense spending<br>Writers: HIGH - Major military aviation milestone with video evidence<br>General: MEDIUM,"First public demonstration of stealth UCAV with 5th-gen fighters represents doctrine evolution—MUM-T becoming standard practice, not experimental. Accelerates U.S. urgency for CCA programs (Anduril's Fury, General Atomics' YFQ-42A in early testing). Confirms autonomous fighter jets transitioning from R&D to front-line integration, reshaping air warfare concepts. Likely drives increased U.S. appropriations for autonomous systems in FY2026 budget. Video footage provides concrete evidence of China's military AI progress.","China Aviation Industry Corporation (AVIC), Anduril (U.S. competitor), General Atomics (U.S. competitor)","Nov 10-15, 2025"
Forterra Achieves Unicorn Status with $238M Series C for Autonomous Ground Systems,85,"Maryland-based Forterra closed $238 million Series C (equity + debt) led by Moore Strategic Ventures, pushing valuation past $1 billion (unicorn status) and total capital to $411 million. Specializes in autonomous ground systems and mission interoperability—from self-driving vehicles to robotic swarms. Secured first DoD ground autonomy production contract (ROGUE Fires for Marine Corps), $114M Army contract for autonomous breaching systems, and GEARS Phase II advancement. Acquired goTenna (mobile mesh networks) in Oct 2025. Partnerships with Volvo Defense, BAE Systems, CHAOS, RTX's Raytheon, Oshkosh Defense. Plans to double production to 1,000 systems in 2026. FinSMEs Commercial investors (Salesforce Ventures, Franklin Templeton) joining defense sector. The MoCo Show",https://www.govconwire.com/articles/forterra-raises-238m-series-c-fund-autonomy,"VC Investors: HIGH - Shows commercial investor appetite entering defense; Series A (2021) to unicorn (2025) path<br>Founders: HIGH - Blueprint for scaling through acquisitions, partnerships, DoD contracts<br>Institutional: HIGH - Franklin Templeton signals mainstream acceptance; strong revenue visibility<br>Writers: MEDIUM-HIGH - Local Maryland unicorn story<br>General: MEDIUM","Unicorn valuation validates autonomous ground systems as critical capability. Commercial investors (Salesforce, Franklin Templeton) entering defense signals mainstream acceptance. First DoD ground autonomy program of record (ROGUE Fires) establishes competitive moat. Demonstrates importance of interoperability and modular platforms. Mix of equity/debt financing shows sophisticated capital structure. Partnerships with traditional primes (BAE, Raytheon) indicate ecosystem collaboration vs. pure competition. Timing aligns with Army's Nov 14 acquisition reform to accelerate tech procurement.","Forterra, Moore Strategic Ventures, Salesforce Ventures, Franklin Templeton, Balyasny Asset Management, 645 Ventures, Hanwha Asset Management, XYZ Venture Capital, goTenna (acquired), Volvo Defense, BAE Systems, CHAOS Industries, RTX/Raytheon, Oshkosh Defense, U.S. Marine Corps, U.S. Army","Nov 12-14, 2025"
"Trump Signs Bill Ending Record 43-Day Government Shutdown, Pentagon Operations Resume",85,"After the longest government shutdown in US history (43 days), President Trump signed legislation Nov 13 reopening the government until Jan 30, 2026. The shutdown furloughed ~334,000 Pentagon civilians, delayed contracts worth billions, and forced the military to divert shipbuilding funds to cover troop pay. Military construction and VA received full-year funding.",https://www.airandspaceforces.com/house-record-government-shutdow-pentagon-employees-to-return/,VC Investors & Founders,"Removes near-term uncertainty for defense startups dependent on contract awards and government payments. The resolution signals Pentagon can resume new program starts and contract obligations. However, the CR extension to Jan 30 means continued budget instability. Small defense tech firms with limited cash reserves faced existential risk during shutdown - this stabilizes their immediate survival but doesn't solve longer-term appropriations uncertainty.",Leidos; General Dynamics; Leonardo DRS; RTX; Anduril; CX2,2025-11-13
Counter-drone radar startup Chaos Industries raises $510M,85,"Chaos Industries raised a $510 million Series D round led by Valor Equity Partners, valuing the counter-drone radar firm at $4.5 billion:contentReference[oaicite:3]{index=3}:contentReference[oaicite:4]{index=4}. The funding underscores booming investor interest in defense tech startups.",https://www.reuters.com/technology/counter-drone-radar-firm-chaos-raises-510-mln-defense-tech-boom-2025-11-13/,VC Investors,"Record-scale funding in defense tech reflects a broader boom, with nearly $30 billion invested in the sector this year:contentReference[oaicite:5]{index=5}, and highlights counter-drone systems as a high-demand area.",Chaos Industries; Valor Equity Partners,2025-11-13
US Air Force awards Skydio multi-million dollar contracts to expand autonomous drones in mission-critical units,84,"USAF awards Skydio two initial multi-million dollar contracts to deploy X10D autonomous drones across Tactical Air Control Party and Explosive Ordnance Disposal units, expanding Blue UAS–cleared systems for reconnaissance, base defense, and inspections.",https://dronelife.com/2025/11/14/u-s-air-force-awards-skydio-contracts-to-expand-advanced-autonomy-across-mission-critical-units/,"VCs, founders","Strong signal that DoD is scaling trusted U.S.-made autonomous sUAS across frontline units, validating Skydio’s tech and highlighting demand for secure, GPS-denied-capable autonomy and U.S. drone manufacturing capacity.",Skydio; ADS,2025-11-14
SpaceX Executes Double Launch in Sub-4-Hour Window Deploying 58 Starlink Satellites,83,"SpaceX launched two Falcon 9 rockets within 3 hours 36 minutes on November 14-15, 2025 from Florida's Space Coast. Starlink 6-89 lifted from KSC LC-39A at 10:08 PM EST deploying 29 V2 Mini satellites (booster B1092's 8th flight landed on ""A Shortfall of Gravitas""). Starlink 6-85 followed from CCSFS SLC-40 at 1:44 AM EST adding 29 more satellites. Space.com +2 Brings SpaceX's 2025 total to 146 Falcon 9 missions, maintaining pace toward 170+ launch target. Spaceflight Now Over 8,800 Starlink satellites now in orbit with 2,600+ launched in 2025 alone. Spaceflight NowSpaceflight Now Both launches achieved >95% favorable weather. spaceflightnow",https://spaceflightnow.com/2025/11/14/live-coverage-spacex-to-launch-29-starlink-satellites-on-falcon-9-rocket-from-nasas-kennedy-space-center-2/,VC Investors: HIGH - Demonstrates unmatched operational tempo and scalability<br>Founders: HIGH - Showcases rapid reusability and turnaround as competitive advantage<br>Institutional: HIGH - Validates aggressive launch schedule maintenance<br>Writers: HIGH - Major operational efficiency milestone<br>General: MEDIUM,"Sub-4-hour turnaround from two different Florida pads demonstrates SpaceX's operational maturity and infrastructure advantages no competitor can match. Cements market dominance in LEO constellation deployment while generating recurring revenue. Validates Falcon 9 reusability model and creates significant competitive moats in launch pricing/availability. Pressures competitors (Blue Origin, Rocket Lab, Relativity) to accelerate reusable programs. 146 launches in 2025 vs. 96 total globally in 2023 shows insurmountable cadence advantage.","SpaceX, NASA (Kennedy Space Center), Cape Canaveral Space Force Station, 45th Weather Squadron","Nov 14-15, 2025"
Lockheed Martin Secures $454M Contract Modification for Sentinel ICBM Mk21A Reentry Vehicle,81,"Lockheed Martin received $453.9 million Air Force contract modification for Mk21A Reentry Vehicle program, increasing total cumulative value from $1.03B to $1.48B (+44%). Mk21A is integrated reentry vehicle deploying W87-1 warhead for next-generation Sentinel ICBM (replacing Minuteman III), representing modernization of nuclear triad's land-based leg. Work through Sept 2032 at King of Prussia, PA. GovCon Wire Sole-source contract covers engineering, manufacturing, design using advanced modeling/simulation. Air Force Nuclear Weapons Center at Hill AFB contracting activity.",https://www.govconwire.com/articles/lockheed-mk21a-air-force-contract,VC Investors: MEDIUM - Nuclear modernization but limited startup applicability<br>Founders: LOW - High barriers to entry in nuclear weapons<br>Institutional: VERY HIGH - Critical to Lockheed's strategic portfolio<br>Writers: VERY HIGH - Nuclear triad modernization with strategic implications<br>General: HIGH - Nuclear deterrence has broad national security implications,Critical component of America's nuclear deterrence modernization. Sentinel program (formerly GBSD) replacing aging Minuteman III fleet. 44% contract increase signals program progression despite previous cost overruns. Strategically significant given China's rapid nuclear arsenal expansion and great power competition. Sole-source nature and 2032 timeline demonstrate Lockheed's entrenched position in strategic nuclear programs. May trigger additional Congressional scrutiny due to cost growth.,"Lockheed Martin, U.S. Air Force Nuclear Weapons Center","Nov 14, 2025"
"ViaSat-3 F2 Successfully Launches After Valve Delays, Doubling Viasat's Network Capacity",79,ULA successfully deployed Viasat's ViaSat-3 F2 satellite on Atlas V 551 from Cape Canaveral on Nov 13 at 10:04 PM EST following two scrubs (Nov 5-6) due to faulty LOX tank vent valve. satellitetoday The 6-metric-ton Boeing 702MP+ satellite delivers 1 terabit/second Ka-band capacity—more than Viasat's entire existing network combined—using dynamic beam-forming from 79° west longitude covering the Americas. Space.comsatellitetoday Critical for Viasat after 2023 F1 antenna anomaly reduced that satellite to fraction of design capacity. Service entry expected early 2026 after orbit-raising; F3 (Asia-Pacific) follows mid-2026. Satellite Today Signal acquired shortly after 3hr 32min deployment to GTO. satellitetoday,https://www.satellitetoday.com/launch/2025/11/13/second-viasat-3-satellite-launches-to-double-viasats-network-capacity/,"VC Investors: HIGH - Validates GEO capacity model vs LEO constellations for aviation/maritime<br>Founders: MEDIUM-HIGH - Technical innovation in beam-forming; risk management lessons<br>Institutional: VERY HIGH - Existential mission after F1 failure; doubles network capacity<br>Writers: HIGH - $6B+ company bet-the-business launch; GEO vs LEO narrative<br>General: MEDIUM - Impacts in-flight WiFi, cruise connectivity, rural broadband","Existential for Viasat (market cap ~$6B) after 2023 F1 antenna failure forced drastically reduced capacity. 1 Tbps capacity validates economic case for fewer, more capable GEO satellites vs thousands of LEO satellites for certain use cases (wide-area coverage, aircraft/ship mobility). satellitetoday Dynamic beam-forming addresses GEO's historical weakness matching supply to demand geography. satellitetoday Rebuilds customer/investor confidence after $3.9B Inmarsat acquisition (2023). However, faces execution risk (two satellites must work flawlessly) and market timing risk as Starlink Aviation gains Delta, JSX, Hawaiian Airlines contracts. Atlas V 551 configuration highlights GEO's launch cost disadvantage. Only 11 Atlas V rockets remain before ULA transitions to Vulcan Centaur.","Viasat, United Launch Alliance (ULA), Boeing (satellite manufacturer), Spectrolab, Cape Canaveral Space Force Station, Starlink/SpaceX (competitor), Inmarsat (acquired 2023)","Nov 13-14, 2025"
Pentagon Announces Nearly $9 Billion in Contracts Post-Shutdown Catchup,78,"DoD released details of 80+ contract awards totaling ~$9B accumulated during the 43-day shutdown. Major awards include: $876M for 60 Boeing CH-47F Block II Chinooks for Germany, $874M ceiling for AeroVironment drones (international customers), $50M Anduril ALTIUS-600 SBIR, and $78M Blue Origin space vehicle processing expansion at Cape Canaveral. Awards span multiple defense priorities.",https://breakingdefense.com/2025/11/pentagon-announces-nearly-9-billion-in-contracts-over-six-week-shutdown/,VC Investors & Founders,Demonstrates pent-up demand and validates continued Pentagon spending appetite despite political turmoil. The Anduril $50M SBIR award shows Pentagon's continued commitment to non-traditional defense contractors. Boeing's Chinook award secures production line through 2035. AeroVironment's $874M ceiling (though unfunded) signals strong international demand for Group 2/3 UAS. Timing of awards immediately post-shutdown suggests urgency to execute FY26 budget.,Boeing; AeroVironment; Anduril Industries; Blue Origin; ASRC Federal; RTX; Gentex; L3 Technologies,2025-11-14
Pratt & Whitney Secures $1.09B DLA Contract for F100 Engine Sustainment,77,"Pratt & Whitney (RTX subsidiary) awarded $1.09 billion Defense Logistics Agency Aviation contract for consumable and depot-level repairable parts for F100 afterburning turbofan engines powering F-15 Eagle and F-16 Fighting Falcon aircraft. F100-PW-229 engine generates 29,160 pounds thrust with over 30 million flight hours across global fleet of 3,800+ engines. Five-year base period with option for additional five years (potential through 2035). Fiscal 2025-2030 defense working capital funds. Sole-source procurement under 10 U.S. Code 3204(a)(1) as OEM. GovCon Wire",https://www.govconwire.com/articles/pratt-whitney-dla-f100-engine-contract,VC Investors: HIGH - Major sustainment contract showing recurring revenue in defense aftermarket<br>Founders: MEDIUM - Demonstrates sole-source OEM advantages and long-term service models<br>Institutional: HIGH - Significant contract for RTX subsidiary with 10-year potential<br>Writers: HIGH - Major defense industrial base story on aircraft sustainment<br>General: MEDIUM - Impacts readiness of F-15/F-16 fighter fleets,"Critical for maintaining operational readiness of USAF's F-15 and F-16 fighter fleets (backbone aircraft for tactical air superiority). Sole-source nature and 10-year potential duration provides stable, predictable revenue for RTX. With 3,800+ F100 engines in service globally, positions Pratt & Whitney as essential sustainment partner. Demonstrates Pentagon's commitment to maintaining legacy fighter capabilities while F-35 ramps up. Sustainment contracts often exceed new procurement in value—demonstrates incumbent advantages and barriers to entry.","Pratt & Whitney (RTX), Defense Logistics Agency Aviation","Nov 14, 2025"
DARPA launches Lift Challenge to develop drones carrying 4× their own weight,76,"DARPA unveils the Lift Challenge, offering $6.5M in prizes for small UAS designs that can carry payloads four times their own weight, aiming to leapfrog current payload-to-weight ratios using advances in materials, propulsion, and control.",https://www.flyingmag.com/darpa-drones-carry-4-times-their-weight/,"Founders, researchers, VCs","Defines a concrete technical target and funding lane for high-payload small UAS, signaling future DoD interest in logistics, resupply, and heavy-lift drones and creating an on-ramp for startups working on propulsion and structures.",DARPA,2025-11-15
Chinese astronauts delayed by space debris return safely,75,"Three Chinese astronauts finally returned to Earth after their Shenzhou-20 spacecraft was damaged by orbital debris, forcing a 9-day delay:contentReference[oaicite:6]{index=6}. The crew used a backup capsule (Shenzhou-21) to leave China’s Tiangong space station.",https://www.reuters.com/business/media-telecom/chinas-shenzhou-20-crew-return-friday-after-space-debris-delays-mission-2025-11-14/,General Audience,"Highlights the growing danger of space debris to human spaceflight and satellites:contentReference[oaicite:7]{index=7}, underscoring calls for better orbital debris mitigation.",China Manned Space Agency (CMSA),2025-11-14
DARPA Announces $6.5M LIFT Challenge for Advanced Vertical Lift UAS,74,"DARPA announced DARPA Lift Challenge on Nov 14 offering $6.5 million in prizes for vertical lift UAS designs exceeding current payload-to-weight ratio limitations. Competition requires drones carrying payloads greater than 4x their own weight—major improvement over typical 1:1 maximum. Requirements: 55-pound max aircraft weight (including fuel/power), demonstrate ability to carry 110+ pounds through five-nautical-mile circuit during summer 2026 live trials. Registration opens Jan 5, 2026, closes May 1, 2026 (limited to first 200 eligible registrants).",https://www.executivegov.com/articles/darpa-lift-challenge-uas-payload,"VC Investors: HIGH - New market opportunity in advanced UAS<br>Founders: VERY HIGH - Direct opportunity for defense tech startups<br>Institutional: MEDIUM - Prize competition format, not traditional procurement<br>Writers: HIGH - Significant technology advancement signal<br>General: MEDIUM","Signals DARPA's prioritization of logistics and payload delivery capabilities critical for contested environments where traditional resupply is difficult. 4:1 payload ratio represents potential breakthrough in UAS economics. Prize competition format lowers barriers to entry vs traditional contracts, opening door for non-traditional defense contractors and commercial drone companies. Aligns with distributed operations concepts. Accessible entry point for small companies with innovative propulsion/aerodynamic approaches.",DARPA,"Nov 14, 2025"
ULA Successfully Launches ViaSat-3 F2 Communications Satellite After Valve Issues,74,United Launch Alliance's Atlas V 551 successfully launched the 7-ton ViaSat-3 F2 satellite on Nov 13 after two prior scrubs due to a liquid oxygen tank vent valve issue. The satellite will provide >1 Tbps capacity over the Americas. This is the second of three ViaSat-3 constellation satellites and represents a critical test of corrective actions after the F1 satellite's 90% capacity loss from antenna failure.,https://spaceflightnow.com/2025/11/13/live-coverage-ula-to-launch-viasat-3-following-valve-replacement-on-atlas-5-rocket/,Institutional Investors & General Interest,"High-stakes mission for Viasat's financial recovery after $421M insurance claim on F1. Success of antenna deployment (from same supplier as failed F1) will determine confidence in F3 launch and overall constellation viability. Atlas V has only 11 launches remaining before retirement, making each mission notable. The corrective actions implemented represent significant engineering risk management that other satellite operators will study closely.",Viasat; ULA; Boeing,2025-11-13
Defense Secretary Demonstrates Remote Piloting of Black Hawk Using DARPA ALIAS System,72,"Video released Nov 14 (posted to DoD social media Nov 15) showed Defense Secretary Pete Hegseth remotely piloting UH-60 Black Hawk helicopter from touchscreen display at DARPA headquarters using Aircrew Labor In-Cockpit Automation System (ALIAS). Sikorsky's ALIAS adds autonomy to existing helicopters, enabling flight with reduced/no crew using sensors and AI. Builds on 2022 milestone when ALIAS-equipped UH-60A conducted fully autonomous flight with no pilots aboard. System allows operators to control aircraft via tablet-linked datalink for missions in contested environments.",https://interestingengineering.com/military/black-hawk-piloted-remotely-using-touchscreen-display,VC Investors: HIGH - Autonomy and human-machine teaming market validation<br>Founders: HIGH - Demonstrates DoD commitment to retrofitting autonomy<br>Institutional: HIGH - Large prime contractor (Lockheed) program<br>Writers: VERY HIGH - High-profile demonstration with Cabinet-level participation<br>General: HIGH - Accessible demonstration of future military technology,"Secretary-level participation signals top DoD leadership commitment to autonomous systems development. Demonstrates ""Manned-Unmanned Teaming"" (MUM-T) moving from R&D to operational consideration. Retrofitting existing platforms with autonomy more cost-effective than clean-sheet designs. Shows progress toward solving pilot shortage while maintaining capability in contested electromagnetic environments. DARPA program moving toward field testing and potential military adoption. Cabinet secretary providing public demonstration generates acquisition priority signal.","Sikorsky (Lockheed Martin subsidiary), DARPA","Nov 14-15, 2025"
"Air Force pivots Collaborative Combat Aircraft Increment 2 toward lower-cost, ‘reusable cruise missile’ concepts",72,"Air Force leadership signals that CCA Increment 2 should come in at roughly half the ~$30M per-aircraft cost of Increment 1, shifting focus to less exquisite, more numerous autonomous platforms with multiple engine vendors eyeing the market.",https://www.airandspaceforces.com/article/world-cca/,"VCs, founders, institutional investors","Resets expectations for CCA unit economics and platform design, expanding the TAM for lower-cost autonomous ‘loyal wingmen’ and associated engines, sensors, and software while impacting strategies for players like Anduril and General Atomics.",General Atomics; Anduril; Pratt & Whitney (RTX); GE Aerospace; Kratos; Honeywell; Rolls-Royce,2025-11-14
Defense Secretary Hegseth's Acquisition Reform Strategy Prioritizes Speed Over Traditional Contracting,72,"Pentagon released draft acquisition transformation memo ahead of Sec. Hegseth's Nov 15 industry address. Key initiatives include: new Portfolio Acquisition Executives with expanded autonomy, scorecards for program evaluation, time-indexed contractor incentives (penalties for delays vs cost overruns), and 60-day implementation timelines. Builds on March dual-use tech prioritization memo and July guidance giving battalion commanders more procurement authority.",https://www.defenseone.com/policy/2025/11/experts-see-promise-risk-pentagons-proposed-acquisition-reforms/409335/,Founders & VC Investors,"Fundamental shift in Pentagon buying behavior favoring agile defense tech startups. Time-indexed incentives reverse traditional fixed-price contract logic - rewards speed over cost control. Some experts warn this could incentivize premature product delivery. The 60-day implementation window is aggressive and signals urgency. For founders: opportunity to position products as 'speed-to-field' solutions. For VCs: validates thesis that Pentagon is serious about acquisition reform, but execution risk remains high.",Pentagon; Aurelius Systems,2025-11-01
IonQ to acquire Skyloom for space-based quantum networks,72,"Quantum computing firm IonQ announced plans to acquire Skyloom, a space optical communications startup, aiming to build a global quantum key distribution network across ground and satellites:contentReference[oaicite:8]{index=8}. The deal follows IonQ’s recent buys of Qubitekk, ID Quantique, and Capella Space.",https://thequantuminsider.com/2025/11/12/ionq-announces-plans-to-acquire-skyloom/,Institutional Investors,"Signals convergence of quantum computing and space tech, as IonQ leverages a $3.5 billion war chest:contentReference[oaicite:9]{index=9} to expand into quantum-secure communications infrastructure.",IonQ; Skyloom,2025-11-12
U.S. allies expand JASSM cruise missile orders via new $84.7M FMS contract modification,68,"Lockheed Martin receives an $84.7M contract modification for Foreign Military Sales production of JASSM missiles for Poland, the Netherlands, Finland, and Japan, lifting the overall contract value to $9.58B through 2031.",https://defence-blog.com/u-s-allies-expand-orders-for-jassm-missiles/,"Institutional investors, VCs","Confirms sustained allied demand for long-range precision strike in Europe and the Indo-Pacific, extending JASSM production visibility and underscoring missile stockpiling as a durable growth theme for primes and their suppliers.",Lockheed Martin,2025-11-15
"Defense Tech Startups Weather Shutdown Differently Than Primes, Small Firms Face Cash Flow Crisis",68,"Analysis of Q3 earnings calls reveals large defense contractors (Leidos, General Dynamics, RTX) reported minimal financial impact from shutdown, while small defense tech startups face existential cash flow threats. Companies like CX2 report 'business as usual' but note slowed communications due to barebones contracting staff. Startups increasingly looking to international markets and allies for revenue diversification to hedge US budget uncertainty.",https://www.defenseone.com/business/2025/11/defense-tech-companies-will-weather-shutdown-what-happens-next/409390/,Founders & VC Investors,Exposes structural vulnerability in defense tech startup business model dependent on single-source government contracts. Highlights importance of international expansion strategy (Anduril's Taiwan office) and dual-use product design to enable ally proliferation. VCs should assess portfolio companies' runway and international revenue diversification. NDIA letter warning about small business cash flow represents industry SOS that may not have been adequately heard by Congress. Validates need for working capital reserves or credit facilities for defense startups.,Leidos; General Dynamics; RTX; Leonardo DRS; CX2; Anduril,2025-11-08
"Space Coast Breaks Annual Launch Record at 94 Missions, Targeting 100+ for 2025",65,"Space Coast surpassed 2024's record of 93 launches with its 94th launch on Nov 10, driven primarily by SpaceX's aggressive Falcon 9 cadence (146 launches YTD), ULA's continued operations, and Blue Origin's New Glenn debut. The combination of increased SpaceX tempo, commercial satellite demand, and new entrant competition positions 2025 to potentially exceed 100 launches for the first time. FAA restrictions during shutdown required overnight launch windows (10pm-6am).",https://www.orlandosentinel.com/2025/11/15/space-coast-launch-schedule/,Institutional Investors & General Interest,Demonstrates maturation of US commercial space launch market and SpaceX's operational dominance. Record pace validates launch infrastructure investments at Cape Canaveral and Vandenberg. For investors: signals sustained demand for launch services beyond Starlink constellation deployment. Blue Origin's entry creates competitive dynamic that may pressure pricing and improve service levels. Overnight launch restrictions during shutdown demonstrate regulatory risk that launch providers must navigate.,SpaceX; ULA; Blue Origin,2025-11-15
BAE Systems tops $35B in contracts YTD 2025 amid global rearmament and modernization,64,"BAE Systems reports more than £27B (~$35B) in 2025 contracts across combat aircraft, submarines, vehicles, munitions, and electronic systems, boosted by programs like Eurofighter Typhoon for Turkey, U.S. armored vehicles, MBDA missiles, and Dreadnought submarines.",https://thedefensepost.com/2025/11/14/bae-systems-2025-contracts/,"Institutional investors, VCs","Signals sustained multi-domain demand for BAE’s portfolio and resilience of NATO and partner-state defense spending, providing investors with contract visibility and reinforcing the company’s position as a core defense prime.",BAE Systems; MBDA,2025-11-14
"Top 100 Defense Contractors FY2024: Anduril Enters at #74, SpaceX Jumps to #28, Palantir at #96",63,"Analysis of FY2024 Pentagon contract awards shows traditional primes (Lockheed Martin, RTX, General Dynamics) retained dominance while next-gen tech players gained significant ground. Notable: Anduril debuted in Top 100 at #74, SpaceX rose from #53 to #28, Palantir entered at #96. Geopolitical urgency (China competition, Ukraine aid) and DoD modernization priorities drove record contracts despite inflation, labor shortages, and supply chain constraints.",https://dsm.forecastinternational.com/2025/11/12/top-100-defense-contractors-2024/,VC Investors & Institutional Investors,"Validates thesis that non-traditional defense contractors are capturing increasing Pentagon spend. Anduril's Top 100 entry in just 7 years demonstrates accelerated adoption of commercial defense tech. SpaceX's 25-position climb (#53→#28) driven by National Security Space Launch wins and Starlink military utility. Data point supporting continued VC investment in defense tech category - these companies are winning meaningful contract value, not just hype. Traditional primes face increasing competition from agile, software-first entrants.",Lockheed Martin; RTX; General Dynamics; Anduril; SpaceX; Palantir,2025-11-12
Lawmakers slam export curb delay on Chinese tech,60,Top Senate Democrats criticized the Trump administration for suspending new export controls that would bar thousands of Chinese firms from U.S. tech:contentReference[oaicite:10]{index=10}:contentReference[oaicite:11]{index=11}. They argue the one-year delay undermines national security and urge reinstating the rules.,https://www.reuters.com/world/us/top-democrats-slam-trump-delaying-export-curbs-china-2025-11-13/,Researchers,"Reflects heightened U.S. political pressure to tighten tech exports amid strategic competition with China, and foreshadows potential policy shifts impacting global tech supply chains.",N/A,2025-11-13
DARPA taps Space Kinetic for space-based missile defense,50,Space Kinetic secured a multi-million dollar DARPA contract to develop an “asymmetric space-based missile defense” architecture:contentReference[oaicite:12]{index=12}. The project aims to create novel orbital intercept capabilities as part of next-gen missile defense.,https://www.prnewswire.com/news-releases/space-kinetic-awarded-darpa-contract-to-advance-asymmetric-missile-defense-architecture-302614810.html,Founders,"Demonstrates DoD’s interest in innovative space weapons for missile defense, marking a “significant milestone” in Space Kinetic’s effort to deliver game-changing space defense solutions:contentReference[oaicite:13]{index=13}.",Space Kinetic; DARPA,2025-11-13
U.S. Army contracts Exiger for AI supply chain platform,45,Exiger won a multi-million dollar contract to license its 1Exiger AI software to U.S. Army Materiel Command:contentReference[oaicite:14]{index=14}. The platform will provide real-time multi-tier supply chain risk illumination and analytics to enhance Army sustainment operations.,https://www.prnewswire.com/news-releases/us-army-licenses-1exiger-ai-software-to-accelerate-defense-acquisition-reduce-lead-times-and-enhance-operational-readiness-302615944.html,Founders,"Highlights the Pentagon’s push to modernize logistics with AI tools:contentReference[oaicite:15]{index=15}, offering a case study in how emerging tech can secure government contracts in defense supply chain management.",Exiger; U.S. Army,2025-11-14
Sierra Space’s Dream Chaser passes key pre-flight tests,40,"Sierra Space completed critical EMI/EMC, high-speed towing, telemetry, and recovery tests for its Dream Chaser spaceplane at Kennedy Space Center:contentReference[oaicite:16]{index=16}:contentReference[oaicite:17]{index=17}. The reusable spacecraft is on track for its first orbital mission in late 2026 under NASA’s cargo program.",https://www.businesswire.com/news/home/20251113754741/en/Sierra-Spaces-Dream-Chaser-Spaceplane-Successfully-Completes-Critical-Pre-flight-Milestones,Founders,"Shows momentum in developing a versatile, reusable spaceplane with both civil and potential defense applications – modifications for national security missions are planned after its initial flights:contentReference[oaicite:18]{index=18}.",Sierra Space; NASA,2025-11-13
